{
  "main": {
    "id": "453304de37c4e54e",
    "type": "split",
    "children": [
      {
        "id": "2d6b6cfaa79c886f",
        "type": "tabs",
        "children": [
          {
            "id": "854aa3baa85ed759",
            "type": "leaf",
            "state": {
              "type": "markdown",
              "state": {
                "file": "cpp/tele_comm/Path2AppNodelet.cpp.md",
                "mode": "source",
                "source": false
              },
              "icon": "lucide-file",
              "title": "Path2AppNodelet.cpp"
            }
          },
          {
            "id": "ac470d474ec8da27",
            "type": "leaf",
            "state": {
              "type": "markdown",
              "state": {
                "file": "note/操作手册.md",
                "mode": "source",
                "source": false
              },
              "icon": "lucide-file",
              "title": "操作手册"
            }
          }
        ]
      }
    ],
    "direction": "vertical"
  },
  "left": {
    "id": "6128dd9e7de1af07",
    "type": "split",
    "children": [
      {
        "id": "f744a0324bdc967d",
        "type": "tabs",
        "children": [
          {
            "id": "ae0c6e1195c7504b",
            "type": "leaf",
            "state": {
              "type": "file-explorer",
              "state": {
                "sortOrder": "alphabetical",
                "autoReveal": false
              },
              "icon": "lucide-folder-closed",
              "title": "文件列表"
            }
          },
          {
            "id": "c0ff438614aef0cc",
            "type": "leaf",
            "state": {
              "type": "search",
              "state": {
                "query": "",
                "matchingCase": false,
                "explainSearch": false,
                "collapseAll": false,
                "extraContext": false,
                "sortOrder": "alphabetical"
              },
              "icon": "lucide-search",
              "title": "搜索"
            }
          },
          {
            "id": "b355e6690ffcfe61",
            "type": "leaf",
            "state": {
              "type": "bookmarks",
              "state": {},
              "icon": "lucide-bookmark",
              "title": "书签"
            }
          }
        ]
      }
    ],
    "direction": "horizontal",
    "width": 300
  },
  "right": {
    "id": "5803a790c826244b",
    "type": "split",
    "children": [
      {
        "id": "d1d1654a6a567a4a",
        "type": "tabs",
        "children": [
          {
            "id": "e22565a0a332f30e",
            "type": "leaf",
            "state": {
              "type": "backlink",
              "state": {
                "file": "cpp/tele_comm/TaskManagerNodelet.cpp.md",
                "collapseAll": false,
                "extraContext": false,
                "sortOrder": "alphabetical",
                "showSearch": false,
                "searchQuery": "",
                "backlinkCollapsed": false,
                "unlinkedCollapsed": true
              },
              "icon": "links-coming-in",
              "title": "TaskManagerNodelet.cpp 的反向链接列表"
            }
          },
          {
            "id": "b37cc413e4366453",
            "type": "leaf",
            "state": {
              "type": "outgoing-link",
              "state": {
                "file": "cpp/tele_comm/TaskManagerNodelet.cpp.md",
                "linksCollapsed": false,
                "unlinkedCollapsed": true
              },
              "icon": "links-going-out",
              "title": "TaskManagerNodelet.cpp 的出链列表"
            }
          },
          {
            "id": "89058bbb2b4304eb",
            "type": "leaf",
            "state": {
              "type": "tag",
              "state": {
                "sortOrder": "frequency",
                "useHierarchy": true,
                "showSearch": false,
                "searchQuery": ""
              },
              "icon": "lucide-tags",
              "title": "标签"
            }
          },
          {
            "id": "c48ce88901faf4f9",
            "type": "leaf",
            "state": {
              "type": "outline",
              "state": {
                "file": "cpp/tele_comm/TaskManagerNodelet.cpp.md",
                "followCursor": false,
                "showSearch": false,
                "searchQuery": ""
              },
              "icon": "lucide-list",
              "title": "TaskManagerNodelet.cpp 的大纲"
            }
          }
        ]
      }
    ],
    "direction": "horizontal",
    "width": 300,
    "collapsed": true
  },
  "left-ribbon": {
    "hiddenItems": {
      "switcher:打开快速切换": false,
      "graph:查看关系图谱": false,
      "canvas:新建白板": false,
      "daily-notes:打开/创建今天的日记": false,
      "templates:插入模板": false,
      "command-palette:打开命令面板": false,
      "bases:创建新数据库": false
    }
  },
  "active": "ae0c6e1195c7504b",
  "lastOpenFiles": [
    "cpp/tele_comm/TaskManagerNodelet.cpp.md",
    "cpp/tele_comm/Path2AppNodelet.cpp.md",
    "cpp/tele_comm/Info2NetNodelet.cpp.md",
    "cpp/tele_comm/Net2LocalNodelet.cpp.md",
    "cpp/tele_comm/MotorConfigNodelet.cpp---todo.md",
    "Topic/\"refresh_motorconfig_params\".md",
    "Topic/\"mqtt_client_is_connected\".md",
    "Topic/\"ros2mqtt_under_control\".md",
    "Topic/\"vehicle_status\".md",
    "Topic/\"refresh_info2net_params\".md",
    "Topic/\"manual_cmd\".md",
    "Topic/\"ros2mqtt_under_path\".md",
    "Topic/\"ros2mqtt_under_power\".md",
    "Topic/\"ros2mqtt_under_status\".md",
    "\"ros2mqtt_under_status\".md",
    "Topic/\"ros2mqtt_under_imu\".md",
    "Topic/\"ros2mqtt_under_gps\".md",
    "Topic/\"ros2mqtt_under_heartbeat\".md",
    "Topic/\"mqtt2ros_under_heartbeat\".md",
    "Topic/\"path\".md",
    "Topic/\"viz_path_topic\".md",
    "Topic/\"vehicle_power\".md",
    "Topic/\"vehicle_ultrasound\".md",
    "Topic/\"vehicle_equipment_status\".md",
    "Topic/\"vehicle_imu\".md",
    "Topic/\"gnss\".md"
  ]
}